{
  "schema": "1.0",
  "type": "whmcs-gateways",
  "name": "authorizecim",
  "license": "proprietary",
  "category": "payments",
  "description": {
    "name": "Authorize.net CIM",
    "tagline": "Implements the Auth.net Customer Info Manager Service."
  },
  "logo": {
    "filename": "logo.png"
  },
  "support": {
    "homepage": "https:\/\/www.authorize.net\/",
    "docs_url": "https:\/\/docs.whmcs.com\/Authorize.net_CIM"
  },
  "authors": [
    {
      "name": "WHMCS",
      "homepage": "https:\/\/www.whmcs.com\/"
    }
  ]
}
